chromosome,position.b38.,Bgd_Si 350 MeV/n_4,FociPerGy_Si 350 MeV/n_4,Bgd_Si 350 MeV/n_8,FociPerGy_Si 350 MeV/n_8,Bgd_Si 350 MeV/n_24,FociPerGy_Si 350 MeV/n_24,Bgd_Si 350 MeV/n_48,FociPerGy_Si 350 MeV/n_48,Bgd_Ar 350 MeV/n_4,FociPerGy_Ar 350 MeV/n_4,Bgd_Ar 350 MeV/n_8,FociPerGy_Ar 350 MeV/n_8,Bgd_Ar 350 MeV/n_24,FociPerGy_Ar 350 MeV/n_24,Bgd_Ar 350 MeV/n_48,FociPerGy_Ar 350 MeV/n_48,Bgd_Fe 600 MeV/n_4,FociPerGy_Fe 600 MeV/n_4,Bgd_Fe 600 MeV/n_8,FociPerGy_Fe 600 MeV/n_8,Bgd_Fe 600 MeV/n_24,FociPerGy_Fe 600 MeV/n_24,Bgd_Fe 600 MeV/n_48,FociPerGy_Fe 600 MeV/n_48,Bgd_X-ray_4,FociPerGy_X-ray_4,Bgd_X-ray_8,FociPerGy_X-ray_8,Bgd_X-ray_24,FociPerGy_X-ray_24,Bgd_X-ray_48,FociPerGy_X-ray_48
Y,993761,0.001779528,0.818153133,0.001511057,0.648458991,0.002875339,0.798059782,0.075960949,0.259845228,0.005651816,0.816524094,0.000241109,0.152570212,0.218063792,0.005739375,0.845438256,0.336454611,0.772949652,0.021123413,0.962665317,1.72e-05,0.310689132,0.0049266,0.944068247,0.031971186,0.464455132,0.001011847,,,0.243422077,0.053910728,0.480416147,0.07714051
Y,1042487,0.205780501,0.284442432,0.067263104,0.194360799,0.983314381,0.793475654,0.071990691,0.029474112,0.083633101,0.240667285,0.836456223,0.668204726,0.3555141,0.026760296,0.165629021,0.446805183,0.306493569,0.064288985,0.63678432,0.725875613,0.238038752,0.256842638,0.002992614,0.15832985,0.525358682,0.355946256,,,0.273816769,0.441072697,0.496922322,0.905183049
